<?xml version="1.0" encoding="UTF-8"?>
<!--
Click nbfs://nbhost/SystemFileSystem/Templates/Licenses/license-default.txt to change this license
Click nbfs://nbhost/SystemFileSystem/Templates/XML/XMLDocument.xml to edit this template
-->



<root>
    
</root>

<?xml version="1.0" encoding="UTF-8"?>
<project name="LoginProject" basedir="." default="test">

    <property name="src.dir" value="src"/>
    <property name="build.dir" value="build"/>
    <property name="classes.dir" value="${build.dir}/classes"/>
    <property name="test.dir" value="test"/>
    <property name="lib.dir" value="lib"/>

    <path id="classpath">
        <fileset dir="${lib.dir}">
            <include name="*.jar"/>
        </fileset>
    </path>

    <target name="clean">
        <delete dir="${build.dir}"/>
    </target>

    <target name="compile">
        <mkdir dir="${classes.dir}"/>
        <javac srcdir="${src.dir}" destdir="${classes.dir}" includeantruntime="false" classpathref="classpath"/>
    </target>

    <target name="test" depends="compile">
        <junit printsummary="true" haltonfailure="true" fork="true">
            <classpath>
                <path refid="classpath"/>
                <pathelement path="${classes.dir}"/>
            </classpath>
            <formatter type="plain"/>
            <batchtest>
                <fileset dir="${test.dir}">
                    <include name="**/*Test.java"/>
                </fileset>
            </batchtest>
        </junit>
    </target>
</project>